[{"model": "admin.logentry", "pk": 1, "fields": {"action_time": "2022-10-15T01:57:39.162Z", "user": 1, "content_type": 11, "object_id": "2", "object_repr": "Category object (2)", "action_flag": 1, "change_message": "[{\"added\": {}}]"}}, {"model": "admin.logentry", "pk": 2, "fields": {"action_time": "2022-10-15T01:58:24.375Z", "user": 1, "content_type": 11, "object_id": "3", "object_repr": "Category object (3)", "action_flag": 1, "change_message": "[{\"added\": {}}]"}}, {"model": "admin.logentry", "pk": 3, "fields": {"action_time": "2022-10-15T01:58:48.318Z", "user": 1, "content_type": 11, "object_id": "4", "object_repr": "Category object (4)", "action_flag": 1, "change_message": "[{\"added\": {}}]"}}, {"model": "admin.logentry", "pk": 4, "fields": {"action_time": "2022-10-15T02:04:08.663Z", "user": 1, "content_type": 7, "object_id": "1", "object_repr": "Post object (1)", "action_flag": 1, "change_message": "[{\"added\": {}}]"}}, {"model": "admin.logentry", "pk": 5, "fields": {"action_time": "2022-10-15T02:04:51.764Z", "user": 1, "content_type": 8, "object_id": "1", "object_repr": "PostCategory object (1)", "action_flag": 1, "change_message": "[{\"added\": {}}]"}}, {"model": "admin.logentry", "pk": 6, "fields": {"action_time": "2022-10-15T02:05:00.457Z", "user": 1, "content_type": 8, "object_id": "2", "object_repr": "PostCategory object (2)", "action_flag": 1, "change_message": "[{\"added\": {}}]"}}, {"model": "admin.logentry", "pk": 7, "fields": {"action_time": "2022-10-15T02:05:22.146Z", "user": 1, "content_type": 7, "object_id": "2", "object_repr": "Post object (2)", "action_flag": 1, "change_message": "[{\"added\": {}}]"}}, {"model": "admin.logentry", "pk": 8, "fields": {"action_time": "2022-10-15T02:05:34.932Z", "user": 1, "content_type": 8, "object_id": "3", "object_repr": "PostCategory object (3)", "action_flag": 1, "change_message": "[{\"added\": {}}]"}}, {"model": "admin.logentry", "pk": 9, "fields": {"action_time": "2022-10-15T02:05:43.172Z", "user": 1, "content_type": 8, "object_id": "4", "object_repr": "PostCategory object (4)", "action_flag": 1, "change_message": "[{\"added\": {}}]"}}, {"model": "admin.logentry", "pk": 10, "fields": {"action_time": "2022-10-15T02:08:43.440Z", "user": 1, "content_type": 7, "object_id": "3", "object_repr": "Post object (3)", "action_flag": 1, "change_message": "[{\"added\": {}}]"}}, {"model": "admin.logentry", "pk": 11, "fields": {"action_time": "2022-10-15T02:09:02.291Z", "user": 1, "content_type": 8, "object_id": "5", "object_repr": "PostCategory object (5)", "action_flag": 1, "change_message": "[{\"added\": {}}]"}}, {"model": "admin.logentry", "pk": 12, "fields": {"action_time": "2022-10-15T02:09:08.040Z", "user": 1, "content_type": 8, "object_id": "6", "object_repr": "PostCategory object (6)", "action_flag": 1, "change_message": "[{\"added\": {}}]"}}, {"model": "admin.logentry", "pk": 13, "fields": {"action_time": "2022-10-15T02:11:54.992Z", "user": 1, "content_type": 9, "object_id": "1", "object_repr": "Comment object (1)", "action_flag": 1, "change_message": "[{\"added\": {}}]"}}, {"model": "admin.logentry", "pk": 14, "fields": {"action_time": "2022-10-15T02:12:13.964Z", "user": 1, "content_type": 9, "object_id": "2", "object_repr": "Comment object (2)", "action_flag": 1, "change_message": "[{\"added\": {}}]"}}, {"model": "admin.logentry", "pk": 15, "fields": {"action_time": "2022-10-15T02:12:38.599Z", "user": 1, "content_type": 9, "object_id": "3", "object_repr": "Comment object (3)", "action_flag": 1, "change_message": "[{\"added\": {}}]"}}, {"model": "admin.logentry", "pk": 16, "fields": {"action_time": "2022-10-15T02:12:57.279Z", "user": 1, "content_type": 9, "object_id": "4", "object_repr": "Comment object (4)", "action_flag": 1, "change_message": "[{\"added\": {}}]"}}, {"model": "admin.logentry", "pk": 17, "fields": {"action_time": "2022-10-15T10:19:42.896Z", "user": 1, "content_type": 8, "object_id": "7", "object_repr": "PostCategory object (7)", "action_flag": 3, "change_message": ""}}, {"model": "admin.logentry", "pk": 18, "fields": {"action_time": "2022-10-16T06:10:50.861Z", "user": 1, "content_type": 11, "object_id": "6", "object_repr": "Test", "action_flag": 1, "change_message": "[{\"added\": {}}]"}}, {"model": "admin.logentry", "pk": 19, "fields": {"action_time": "2022-10-16T06:12:53.197Z", "user": 1, "content_type": 7, "object_id": "5", "object_repr": "<QuerySet []> CensorTestPost - Кочерга, ты чего такой заебанный вусмерть? Надо тебе чаще гулять. Ну рассказывай, как там наш субботник злоебучий поживает. Все организовано?\r\n\r\n- Тимофей Ильич, произош", "action_flag": 1, "change_message": "[{\"added\": {}}]"}}, {"model": "admin.logentry", "pk": 20, "fields": {"action_time": "2022-10-16T06:13:29.959Z", "user": 1, "content_type": 8, "object_id": "8", "object_repr": "PostCategory object (8)", "action_flag": 1, "change_message": "[{\"added\": {}}]"}}, {"model": "admin.logentry", "pk": 21, "fields": {"action_time": "2022-10-21T20:36:15.264Z", "user": 1, "content_type": 12, "object_id": "1", "object_repr": "127.0.0.1", "action_flag": 2, "change_message": "[{\"changed\": {\"fields\": [\"Domain name\"]}}]"}}, {"model": "admin.logentry", "pk": 22, "fields": {"action_time": "2022-10-21T21:00:56.054Z", "user": 1, "content_type": 16, "object_id": "1", "object_repr": "Google", "action_flag": 1, "change_message": "[{\"added\": {}}]"}}, {"model": "admin.logentry", "pk": 23, "fields": {"action_time": "2022-10-21T21:03:23.479Z", "user": 1, "content_type": 16, "object_id": "1", "object_repr": "Google", "action_flag": 2, "change_message": "[{\"changed\": {\"fields\": [\"Key\"]}}]"}}, {"model": "admin.logentry", "pk": 24, "fields": {"action_time": "2022-10-21T21:04:47.892Z", "user": 1, "content_type": 16, "object_id": "1", "object_repr": "Google", "action_flag": 2, "change_message": "[{\"changed\": {\"fields\": [\"Key\"]}}]"}}, {"model": "admin.logentry", "pk": 25, "fields": {"action_time": "2022-10-21T21:32:50.280Z", "user": 1, "content_type": 3, "object_id": "1", "object_repr": "basic", "action_flag": 1, "change_message": "[{\"added\": {}}]"}}, {"model": "admin.logentry", "pk": 26, "fields": {"action_time": "2022-10-21T21:34:19.986Z", "user": 1, "content_type": 3, "object_id": "2", "object_repr": "premium", "action_flag": 1, "change_message": "[{\"added\": {}}]"}}, {"model": "admin.logentry", "pk": 27, "fields": {"action_time": "2022-10-21T21:37:37.689Z", "user": 1, "content_type": 4, "object_id": "3", "object_repr": "User2", "action_flag": 2, "change_message": "[{\"changed\": {\"fields\": [\"Groups\"]}}]"}}, {"model": "admin.logentry", "pk": 28, "fields": {"action_time": "2022-10-21T21:37:50.262Z", "user": 1, "content_type": 4, "object_id": "2", "object_repr": "User1", "action_flag": 2, "change_message": "[{\"changed\": {\"fields\": [\"Groups\"]}}]"}}, {"model": "admin.logentry", "pk": 29, "fields": {"action_time": "2022-10-22T21:02:19.643Z", "user": 1, "content_type": 3, "object_id": "3", "object_repr": "author", "action_flag": 1, "change_message": "[{\"added\": {}}]"}}, {"model": "admin.logentry", "pk": 30, "fields": {"action_time": "2022-10-22T21:04:59.027Z", "user": 1, "content_type": 10, "object_id": "4", "object_repr": "name:van_darkholme rating:0", "action_flag": 1, "change_message": "[{\"added\": {}}]"}}, {"model": "admin.logentry", "pk": 31, "fields": {"action_time": "2022-10-22T21:05:24.981Z", "user": 1, "content_type": 4, "object_id": "4", "object_repr": "van_darkholme", "action_flag": 2, "change_message": "[{\"changed\": {\"fields\": [\"Groups\"]}}]"}}, {"model": "admin.logentry", "pk": 32, "fields": {"action_time": "2022-10-22T21:05:49.629Z", "user": 1, "content_type": 4, "object_id": "4", "object_repr": "van_darkholme", "action_flag": 2, "change_message": "[{\"changed\": {\"fields\": [\"Groups\"]}}]"}}, {"model": "admin.logentry", "pk": 33, "fields": {"action_time": "2022-10-22T21:11:03.447Z", "user": 1, "content_type": 4, "object_id": "4", "object_repr": "van_darkholme", "action_flag": 2, "change_message": "[{\"changed\": {\"fields\": [\"Groups\"]}}]"}}, {"model": "admin.logentry", "pk": 34, "fields": {"action_time": "2022-10-22T21:30:06.499Z", "user": 1, "content_type": 4, "object_id": "6", "object_repr": "ivan_temnoholmov", "action_flag": 3, "change_message": ""}}, {"model": "admin.logentry", "pk": 35, "fields": {"action_time": "2022-10-22T22:33:11.929Z", "user": 1, "content_type": 10, "object_id": "7", "object_repr": "name:ivan_temnoholmov rating:0", "action_flag": 1, "change_message": "[{\"added\": {}}]"}}, {"model": "admin.logentry", "pk": 36, "fields": {"action_time": "2022-10-22T22:33:22.026Z", "user": 1, "content_type": 4, "object_id": "2", "object_repr": "User1", "action_flag": 2, "change_message": "[{\"changed\": {\"fields\": [\"Groups\"]}}]"}}, {"model": "admin.logentry", "pk": 37, "fields": {"action_time": "2022-10-22T22:36:10.961Z", "user": 1, "content_type": 3, "object_id": "3", "object_repr": "author", "action_flag": 2, "change_message": "[{\"changed\": {\"fields\": [\"Permissions\"]}}]"}}, {"model": "admin.logentry", "pk": 38, "fields": {"action_time": "2022-10-24T02:26:29.582Z", "user": 1, "content_type": 18, "object_id": "1", "object_repr": "UserSubscribe object (1)", "action_flag": 1, "change_message": "[{\"added\": {}}]"}}, {"model": "admin.logentry", "pk": 39, "fields": {"action_time": "2022-10-24T23:48:44.869Z", "user": 1, "content_type": 4, "object_id": "9", "object_repr": "BOPOH1243", "action_flag": 3, "change_message": ""}}, {"model": "admin.logentry", "pk": 40, "fields": {"action_time": "2022-10-24T23:54:41.830Z", "user": 1, "content_type": 4, "object_id": "10", "object_repr": "tenpenni", "action_flag": 3, "change_message": ""}}, {"model": "admin.logentry", "pk": 41, "fields": {"action_time": "2022-10-24T23:59:27.231Z", "user": 1, "content_type": 4, "object_id": "11", "object_repr": "tenpenni", "action_flag": 3, "change_message": ""}}, {"model": "admin.logentry", "pk": 42, "fields": {"action_time": "2022-10-25T04:43:10.917Z", "user": 1, "content_type": 4, "object_id": "12", "object_repr": "tenpenni", "action_flag": 3, "change_message": ""}}, {"model": "admin.logentry", "pk": 43, "fields": {"action_time": "2022-10-25T04:45:30.350Z", "user": 1, "content_type": 4, "object_id": "13", "object_repr": "tenpenni", "action_flag": 3, "change_message": ""}}, {"model": "admin.logentry", "pk": 44, "fields": {"action_time": "2022-10-25T06:12:06.194Z", "user": 1, "content_type": 18, "object_id": "4", "object_repr": "UserSubscribe object (4)", "action_flag": 1, "change_message": "[{\"added\": {}}]"}}, {"model": "auth.permission", "pk": 1, "fields": {"name": "Can add log entry", "content_type": 1, "codename": "add_logentry"}}, {"model": "auth.permission", "pk": 2, "fields": {"name": "Can change log entry", "content_type": 1, "codename": "change_logentry"}}, {"model": "auth.permission", "pk": 3, "fields": {"name": "Can delete log entry", "content_type": 1, "codename": "delete_logentry"}}, {"model": "auth.permission", "pk": 4, "fields": {"name": "Can view log entry", "content_type": 1, "codename": "view_logentry"}}, {"model": "auth.permission", "pk": 5, "fields": {"name": "Can add permission", "content_type": 2, "codename": "add_permission"}}, {"model": "auth.permission", "pk": 6, "fields": {"name": "Can change permission", "content_type": 2, "codename": "change_permission"}}, {"model": "auth.permission", "pk": 7, "fields": {"name": "Can delete permission", "content_type": 2, "codename": "delete_permission"}}, {"model": "auth.permission", "pk": 8, "fields": {"name": "Can view permission", "content_type": 2, "codename": "view_permission"}}, {"model": "auth.permission", "pk": 9, "fields": {"name": "Can add group", "content_type": 3, "codename": "add_group"}}, {"model": "auth.permission", "pk": 10, "fields": {"name": "Can change group", "content_type": 3, "codename": "change_group"}}, {"model": "auth.permission", "pk": 11, "fields": {"name": "Can delete group", "content_type": 3, "codename": "delete_group"}}, {"model": "auth.permission", "pk": 12, "fields": {"name": "Can view group", "content_type": 3, "codename": "view_group"}}, {"model": "auth.permission", "pk": 13, "fields": {"name": "Can add user", "content_type": 4, "codename": "add_user"}}, {"model": "auth.permission", "pk": 14, "fields": {"name": "Can change user", "content_type": 4, "codename": "change_user"}}, {"model": "auth.permission", "pk": 15, "fields": {"name": "Can delete user", "content_type": 4, "codename": "delete_user"}}, {"model": "auth.permission", "pk": 16, "fields": {"name": "Can view user", "content_type": 4, "codename": "view_user"}}, {"model": "auth.permission", "pk": 17, "fields": {"name": "Can add content type", "content_type": 5, "codename": "add_contenttype"}}, {"model": "auth.permission", "pk": 18, "fields": {"name": "Can change content type", "content_type": 5, "codename": "change_contenttype"}}, {"model": "auth.permission", "pk": 19, "fields": {"name": "Can delete content type", "content_type": 5, "codename": "delete_contenttype"}}, {"model": "auth.permission", "pk": 20, "fields": {"name": "Can view content type", "content_type": 5, "codename": "view_contenttype"}}, {"model": "auth.permission", "pk": 21, "fields": {"name": "Can add session", "content_type": 6, "codename": "add_session"}}, {"model": "auth.permission", "pk": 22, "fields": {"name": "Can change session", "content_type": 6, "codename": "change_session"}}, {"model": "auth.permission", "pk": 23, "fields": {"name": "Can delete session", "content_type": 6, "codename": "delete_session"}}, {"model": "auth.permission", "pk": 24, "fields": {"name": "Can view session", "content_type": 6, "codename": "view_session"}}, {"model": "auth.permission", "pk": 25, "fields": {"name": "Can add post", "content_type": 7, "codename": "add_post"}}, {"model": "auth.permission", "pk": 26, "fields": {"name": "Can change post", "content_type": 7, "codename": "change_post"}}, {"model": "auth.permission", "pk": 27, "fields": {"name": "Can delete post", "content_type": 7, "codename": "delete_post"}}, {"model": "auth.permission", "pk": 28, "fields": {"name": "Can view post", "content_type": 7, "codename": "view_post"}}, {"model": "auth.permission", "pk": 29, "fields": {"name": "Can add post category", "content_type": 8, "codename": "add_postcategory"}}, {"model": "auth.permission", "pk": 30, "fields": {"name": "Can change post category", "content_type": 8, "codename": "change_postcategory"}}, {"model": "auth.permission", "pk": 31, "fields": {"name": "Can delete post category", "content_type": 8, "codename": "delete_postcategory"}}, {"model": "auth.permission", "pk": 32, "fields": {"name": "Can view post category", "content_type": 8, "codename": "view_postcategory"}}, {"model": "auth.permission", "pk": 33, "fields": {"name": "Can add comment", "content_type": 9, "codename": "add_comment"}}, {"model": "auth.permission", "pk": 34, "fields": {"name": "Can change comment", "content_type": 9, "codename": "change_comment"}}, {"model": "auth.permission", "pk": 35, "fields": {"name": "Can delete comment", "content_type": 9, "codename": "delete_comment"}}, {"model": "auth.permission", "pk": 36, "fields": {"name": "Can view comment", "content_type": 9, "codename": "view_comment"}}, {"model": "auth.permission", "pk": 37, "fields": {"name": "Can add author", "content_type": 10, "codename": "add_author"}}, {"model": "auth.permission", "pk": 38, "fields": {"name": "Can change author", "content_type": 10, "codename": "change_author"}}, {"model": "auth.permission", "pk": 39, "fields": {"name": "Can delete author", "content_type": 10, "codename": "delete_author"}}, {"model": "auth.permission", "pk": 40, "fields": {"name": "Can view author", "content_type": 10, "codename": "view_author"}}, {"model": "auth.permission", "pk": 41, "fields": {"name": "Can add category", "content_type": 11, "codename": "add_category"}}, {"model": "auth.permission", "pk": 42, "fields": {"name": "Can change category", "content_type": 11, "codename": "change_category"}}, {"model": "auth.permission", "pk": 43, "fields": {"name": "Can delete category", "content_type": 11, "codename": "delete_category"}}, {"model": "auth.permission", "pk": 44, "fields": {"name": "Can view category", "content_type": 11, "codename": "view_category"}}, {"model": "auth.permission", "pk": 45, "fields": {"name": "Can add site", "content_type": 12, "codename": "add_site"}}, {"model": "auth.permission", "pk": 46, "fields": {"name": "Can change site", "content_type": 12, "codename": "change_site"}}, {"model": "auth.permission", "pk": 47, "fields": {"name": "Can delete site", "content_type": 12, "codename": "delete_site"}}, {"model": "auth.permission", "pk": 48, "fields": {"name": "Can view site", "content_type": 12, "codename": "view_site"}}, {"model": "auth.permission", "pk": 49, "fields": {"name": "Can add email address", "content_type": 13, "codename": "add_emailaddress"}}, {"model": "auth.permission", "pk": 50, "fields": {"name": "Can change email address", "content_type": 13, "codename": "change_emailaddress"}}, {"model": "auth.permission", "pk": 51, "fields": {"name": "Can delete email address", "content_type": 13, "codename": "delete_emailaddress"}}, {"model": "auth.permission", "pk": 52, "fields": {"name": "Can view email address", "content_type": 13, "codename": "view_emailaddress"}}, {"model": "auth.permission", "pk": 53, "fields": {"name": "Can add email confirmation", "content_type": 14, "codename": "add_emailconfirmation"}}, {"model": "auth.permission", "pk": 54, "fields": {"name": "Can change email confirmation", "content_type": 14, "codename": "change_emailconfirmation"}}, {"model": "auth.permission", "pk": 55, "fields": {"name": "Can delete email confirmation", "content_type": 14, "codename": "delete_emailconfirmation"}}, {"model": "auth.permission", "pk": 56, "fields": {"name": "Can view email confirmation", "content_type": 14, "codename": "view_emailconfirmation"}}, {"model": "auth.permission", "pk": 57, "fields": {"name": "Can add social account", "content_type": 15, "codename": "add_socialaccount"}}, {"model": "auth.permission", "pk": 58, "fields": {"name": "Can change social account", "content_type": 15, "codename": "change_socialaccount"}}, {"model": "auth.permission", "pk": 59, "fields": {"name": "Can delete social account", "content_type": 15, "codename": "delete_socialaccount"}}, {"model": "auth.permission", "pk": 60, "fields": {"name": "Can view social account", "content_type": 15, "codename": "view_socialaccount"}}, {"model": "auth.permission", "pk": 61, "fields": {"name": "Can add social application", "content_type": 16, "codename": "add_socialapp"}}, {"model": "auth.permission", "pk": 62, "fields": {"name": "Can change social application", "content_type": 16, "codename": "change_socialapp"}}, {"model": "auth.permission", "pk": 63, "fields": {"name": "Can delete social application", "content_type": 16, "codename": "delete_socialapp"}}, {"model": "auth.permission", "pk": 64, "fields": {"name": "Can view social application", "content_type": 16, "codename": "view_socialapp"}}, {"model": "auth.permission", "pk": 65, "fields": {"name": "Can add social application token", "content_type": 17, "codename": "add_socialtoken"}}, {"model": "auth.permission", "pk": 66, "fields": {"name": "Can change social application token", "content_type": 17, "codename": "change_socialtoken"}}, {"model": "auth.permission", "pk": 67, "fields": {"name": "Can delete social application token", "content_type": 17, "codename": "delete_socialtoken"}}, {"model": "auth.permission", "pk": 68, "fields": {"name": "Can view social application token", "content_type": 17, "codename": "view_socialtoken"}}, {"model": "auth.permission", "pk": 69, "fields": {"name": "Can add user subscribe", "content_type": 18, "codename": "add_usersubscribe"}}, {"model": "auth.permission", "pk": 70, "fields": {"name": "Can change user subscribe", "content_type": 18, "codename": "change_usersubscribe"}}, {"model": "auth.permission", "pk": 71, "fields": {"name": "Can delete user subscribe", "content_type": 18, "codename": "delete_usersubscribe"}}, {"model": "auth.permission", "pk": 72, "fields": {"name": "Can view user subscribe", "content_type": 18, "codename": "view_usersubscribe"}}, {"model": "auth.permission", "pk": 73, "fields": {"name": "Can add django job", "content_type": 19, "codename": "add_djangojob"}}, {"model": "auth.permission", "pk": 74, "fields": {"name": "Can change django job", "content_type": 19, "codename": "change_djangojob"}}, {"model": "auth.permission", "pk": 75, "fields": {"name": "Can delete django job", "content_type": 19, "codename": "delete_djangojob"}}, {"model": "auth.permission", "pk": 76, "fields": {"name": "Can view django job", "content_type": 19, "codename": "view_djangojob"}}, {"model": "auth.permission", "pk": 77, "fields": {"name": "Can add django job execution", "content_type": 20, "codename": "add_djangojobexecution"}}, {"model": "auth.permission", "pk": 78, "fields": {"name": "Can change django job execution", "content_type": 20, "codename": "change_djangojobexecution"}}, {"model": "auth.permission", "pk": 79, "fields": {"name": "Can delete django job execution", "content_type": 20, "codename": "delete_djangojobexecution"}}, {"model": "auth.permission", "pk": 80, "fields": {"name": "Can view django job execution", "content_type": 20, "codename": "view_djangojobexecution"}}, {"model": "auth.group", "pk": 1, "fields": {"name": "basic", "permissions": []}}, {"model": "auth.group", "pk": 2, "fields": {"name": "premium", "permissions": []}}, {"model": "auth.group", "pk": 3, "fields": {"name": "author", "permissions": [25, 26, 27, 28, 29, 30, 31, 32]}}, {"model": "auth.user", "pk": 1, "fields": {"password": "pbkdf2_sha256$390000$bUMRRzDsUC22PCE8PErNiU$pJCf2UyAhFRDtgqSmCXNen24k8jw20Ro0XBfDQqtGO8=", "last_login": "2022-10-30T06:18:53.215Z", "is_superuser": true, "username": "admin", "first_name": "", "last_name": "", "email": "dungeon@master.cum", "is_staff": true, "is_active": true, "date_joined": "2022-10-13T23:50:15.196Z", "groups": [2, 3], "user_permissions": []}}, {"model": "auth.user", "pk": 2, "fields": {"password": "!Rm5zaZGH50nXfKmwOc7sE4jZ5zeQtjgaynXFXpmQ", "last_login": null, "is_superuser": false, "username": "User1", "first_name": "", "last_name": "", "email": "", "is_staff": false, "is_active": true, "date_joined": "2022-10-15T01:28:18Z", "groups": [1, 2, 3], "user_permissions": []}}, {"model": "auth.user", "pk": 3, "fields": {"password": "!9FJIOrPc6TrhYS3BzNictgPVRvncHHBlBDRNJZG1", "last_login": null, "is_superuser": false, "username": "User2", "first_name": "", "last_name": "", "email": "", "is_staff": false, "is_active": true, "date_joined": "2022-10-15T01:29:18Z", "groups": [1], "user_permissions": []}}, {"model": "auth.user", "pk": 4, "fields": {"password": "pbkdf2_sha256$390000$xrlo5enyf7fWzd9ttgpU4L$bk/d9aq/EiSl6+i0Paxohm6+d5Ki7v191/xOqFrDJk0=", "last_login": "2022-10-22T21:11:32.474Z", "is_superuser": false, "username": "van_darkholme", "first_name": "", "last_name": "", "email": "van_darkholme@dungeon.cum", "is_staff": false, "is_active": true, "date_joined": "2022-10-21T21:45:59Z", "groups": [1, 2, 3], "user_permissions": []}}, {"model": "auth.user", "pk": 5, "fields": {"password": "pbkdf2_sha256$390000$OzLjtqIqxV5XOTuI7roLVK$xoMI/W+NbjFRIYtWMZz1oPmTk+DTmio5iWWZUG2Kjng=", "last_login": "2022-10-22T21:08:17.225Z", "is_superuser": false, "username": "van", "first_name": "asdasdasda", "last_name": "sdasdasdasdas", "email": "jabroni@leatherman.gym", "is_staff": false, "is_active": true, "date_joined": "2022-10-22T21:08:01.419Z", "groups": [], "user_permissions": []}}, {"model": "auth.user", "pk": 7, "fields": {"password": "pbkdf2_sha256$390000$8RfjHfdk8kxFmMb1M9Xyfy$qEp0Rtf2/yU/5Rb0mxSr1SmW4uHY95J1wjZhi7im2tk=", "last_login": "2022-10-22T22:01:39.112Z", "is_superuser": false, "username": "ivan_temnoholmov", "first_name": "", "last_name": "", "email": "ivan_temnoholmov@fisting.gym", "is_staff": false, "is_active": true, "date_joined": "2022-10-22T21:31:14.015Z", "groups": [1, 3], "user_permissions": []}}, {"model": "auth.user", "pk": 8, "fields": {"password": "pbkdf2_sha256$390000$4lQuH5TKhwQYvMJqK2kFHt$6Mq3o5jjRIg9FtMMsTYHi4uqztRugIqwGULKc1I/Tlg=", "last_login": "2022-10-23T00:06:58.720Z", "is_superuser": false, "username": "shrek", "first_name": "", "last_name": "", "email": "Shrek@van.dam", "is_staff": false, "is_active": true, "date_joined": "2022-10-23T00:06:58.505Z", "groups": [1, 3], "user_permissions": []}}, {"model": "auth.user", "pk": 14, "fields": {"password": "pbkdf2_sha256$390000$YVGnyOrfIDVZbyuOEoWq7M$x/k3hKS14eW5OogRjLpQkh75LiGHxBRVyD9FrZKlpCQ=", "last_login": null, "is_superuser": false, "username": "tenpenni", "first_name": "", "last_name": "", "email": "tenpenni@mail.ru", "is_staff": false, "is_active": true, "date_joined": "2022-10-25T04:45:36.098Z", "groups": [1], "user_permissions": []}}, {"model": "contenttypes.contenttype", "pk": 1, "fields": {"app_label": "admin", "model": "logentry"}}, {"model": "contenttypes.contenttype", "pk": 2, "fields": {"app_label": "auth", "model": "permission"}}, {"model": "contenttypes.contenttype", "pk": 3, "fields": {"app_label": "auth", "model": "group"}}, {"model": "contenttypes.contenttype", "pk": 4, "fields": {"app_label": "auth", "model": "user"}}, {"model": "contenttypes.contenttype", "pk": 5, "fields": {"app_label": "contenttypes", "model": "contenttype"}}, {"model": "contenttypes.contenttype", "pk": 6, "fields": {"app_label": "sessions", "model": "session"}}, {"model": "contenttypes.contenttype", "pk": 7, "fields": {"app_label": "news", "model": "post"}}, {"model": "contenttypes.contenttype", "pk": 8, "fields": {"app_label": "news", "model": "postcategory"}}, {"model": "contenttypes.contenttype", "pk": 9, "fields": {"app_label": "news", "model": "comment"}}, {"model": "contenttypes.contenttype", "pk": 10, "fields": {"app_label": "news", "model": "author"}}, {"model": "contenttypes.contenttype", "pk": 11, "fields": {"app_label": "news", "model": "category"}}, {"model": "contenttypes.contenttype", "pk": 12, "fields": {"app_label": "sites", "model": "site"}}, {"model": "contenttypes.contenttype", "pk": 13, "fields": {"app_label": "account", "model": "emailaddress"}}, {"model": "contenttypes.contenttype", "pk": 14, "fields": {"app_label": "account", "model": "emailconfirmation"}}, {"model": "contenttypes.contenttype", "pk": 15, "fields": {"app_label": "socialaccount", "model": "socialaccount"}}, {"model": "contenttypes.contenttype", "pk": 16, "fields": {"app_label": "socialaccount", "model": "socialapp"}}, {"model": "contenttypes.contenttype", "pk": 17, "fields": {"app_label": "socialaccount", "model": "socialtoken"}}, {"model": "contenttypes.contenttype", "pk": 18, "fields": {"app_label": "news", "model": "usersubscribe"}}, {"model": "contenttypes.contenttype", "pk": 19, "fields": {"app_label": "django_apscheduler", "model": "djangojob"}}, {"model": "contenttypes.contenttype", "pk": 20, "fields": {"app_label": "django_apscheduler", "model": "djangojobexecution"}}, {"model": "sessions.session", "pk": "0gtavurisr0gpjcw0bd1nqx1ojvpj4s5", "fields": {"session_data": ".eJxVjMsOwiAQRf-FtSE8B3Dp3m8gwwBSNTQp7cr479qkC93ec859sYjb2uI2yhKnzM5MstPvlpAepe8g37HfZk5zX5cp8V3hBx38OufyvBzu30HD0b611loEA0o5kyyolHyV6FFC0aTAhZABnQxBWURbsgDykoQwpRJUIzJ7fwC1BTc-:1op1en:OimqF5t4kpPYLOmjqWK_9Gyeqtzj5IKqcg2mPrHQSn4", "expire_date": "2022-11-13T06:18:53.220Z"}}, {"model": "sessions.session", "pk": "897cf7geryxq230b2aohewhmkgzts5f1", "fields": {"session_data": ".eJxVjU0OwiAQhe_C2jQDtVC604uQYRhSYkNNoYnGeHdb04Uu39_3XsLhWke3Fl5cCmIQRpx-PY9047wHOE273SDRvObafDtHXJrLpjjXRFjTnK_H6g81Yhk3TgTUAJGCsUpaAzICt8RKW91xVB1gHw3oQCD9OUTbtxRU9NJbrTsFvEMLl7LdOH7c0_IUA7w_uYxDgw:1omMYl:YHmclwW_PF0K4T3e1TZU3wG8c_MzJN37mH_ZqR6gS1w", "expire_date": "2022-11-05T22:01:39.121Z"}}, {"model": "sessions.session", "pk": "c1yvo71dbgwxn4yojwvq97ydf3iqjdky", "fields": {"session_data": ".eJxVjt0OgjAMRt9l14Sw8bONO32RpVtLWJzDsGE0xncXCIl62e-0X8-LGVjyaJZEs_HIesYFK35DC-5CcSMQwhaX4Ny0xFzuOwdO5WmdKGbvIPspno-rv6oR0rj2KKmctLW0HYButAaOLfG2QjtIpRoAqUUrBJIQskYteAeoeMfRwVBp3P0SpbS-MfS4-fnJ-qpgh5a50-wHT2joCj6wPi4hfOkmsjoQe38AirVVUw:1onBop:kiZX7EnO9_KwQ6RHvn6iXC-RZxXqIsD-Zm6pVZsMA88", "expire_date": "2022-11-08T04:45:39.044Z"}}, {"model": "sessions.session", "pk": "d1nlzbgjgm75sg8y5p96i9pi0rzhvoms", "fields": {"session_data": ".eJxVjMsOwiAQRf-FtSE8B3Dp3m8gwwBSNTQp7cr479qkC93ec859sYjb2uI2yhKnzM5MstPvlpAepe8g37HfZk5zX5cp8V3hBx38OufyvBzu30HD0b611loEA0o5kyyolHyV6FFC0aTAhZABnQxBWURbsgDykoQwpRJUIzJ7fwC1BTc-:1omM1e:ZYuknQnzNMx0kELgO294IYCdRzDe4pGKaW_dkRChbBs", "expire_date": "2022-11-05T21:27:26.329Z"}}, {"model": "sessions.session", "pk": "pyot83zqz4b6lh8fhtxw2057d2aovy9p", "fields": {"session_data": ".eJxVjMsOwiAQRf-FtSE8B3Dp3m8gwwBSNTQp7cr479qkC93ec859sYjb2uI2yhKnzM5MstPvlpAepe8g37HfZk5zX5cp8V3hBx38OufyvBzu30HD0b611loEA0o5kyyolHyV6FFC0aTAhZABnQxBWURbsgDykoQwpRJUIzJ7fwC1BTc-:1omM1e:ZYuknQnzNMx0kELgO294IYCdRzDe4pGKaW_dkRChbBs", "expire_date": "2022-11-05T21:27:26.294Z"}}, {"model": "sites.site", "pk": 1, "fields": {"domain": "127.0.0.1", "name": "example.com"}}, {"model": "account.emailaddress", "pk": 1, "fields": {"user": 4, "email": "van_darkholme@dungeon.cum", "verified": false, "primary": true}}, {"model": "account.emailaddress", "pk": 2, "fields": {"user": 7, "email": "ivan_temnoholmov@fisting.gym", "verified": false, "primary": true}}, {"model": "account.emailaddress", "pk": 3, "fields": {"user": 8, "email": "Shrek@van.dam", "verified": false, "primary": true}}, {"model": "account.emailaddress", "pk": 7, "fields": {"user": 14, "email": "tenpenni@mail.ru", "verified": true, "primary": true}}, {"model": "socialaccount.socialapp", "pk": 1, "fields": {"provider": "google", "name": "Google", "client_id": "523503773154-gsdrkkoh7ap9qnqjtl5b1lmm011qv4ur.apps.googleusercontent.com", "secret": "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", "key": "", "sites": [1]}}, {"model": "news.author", "pk": 1, "fields": {"rating": 19}}, {"model": "news.author", "pk": 2, "fields": {"rating": 10}}, {"model": "news.author", "pk": 4, "fields": {"rating": 0}}, {"model": "news.author", "pk": 7, "fields": {"rating": 0}}, {"model": "news.author", "pk": 8, "fields": {"rating": 0}}, {"model": "news.category", "pk": 1, "fields": {"name": "Гачимучи"}}, {"model": "news.category", "pk": 2, "fields": {"name": "Пацанские Цитаты"}}, {"model": "news.category", "pk": 3, "fields": {"name": "Тостеры и техноересь"}}, {"model": "news.category", "pk": 4, "fields": {"name": "Технопорно"}}, {"model": "news.category", "pk": 5, "fields": {"name": "category_name1"}}, {"model": "news.category", "pk": 6, "fields": {"name": "Test"}}, {"model": "news.post", "pk": 1, "fields": {"author": 1, "post_type": "AR", "created_at": "2022-10-15T02:04:08.661Z", "updated_at": "2022-10-15T04:37:31.019Z", "header": "Сколько стоит ♂Fisting♂", "text": "Дева на 14 октября\r\n\r\nДень будет благоприятным для делового anal-sex, fisting рабочих ass. Удастся fuck с masters, чьи dick и semen наверняка будут вам полезны. Одни Девы получат отличные spanking, другие найдут ass, которая поможет им принять fat cock.\r\n\r\nВероятны поступления bucks, в том числе из Van-источников. Они окажутся кстати: у вас будет возможность купить какие-то полезные вещи для gym, порадовать slaves. Вечер подойдет для встречи с jabroni, по которым вы в последнее время скучали. Найдется масса тем для fantasy, да и общие dicks, наверняка появятся.", "rating": 2}}, {"model": "news.post", "pk": 2, "fields": {"author": 1, "post_type": "AR", "created_at": "2022-10-15T02:05:22.145Z", "updated_at": "2022-10-15T04:37:31.026Z", "header": "default", "text": "default", "rating": 0}}, {"model": "news.post", "pk": 3, "fields": {"author": 2, "post_type": "NW", "created_at": "2022-10-15T02:08:43.435Z", "updated_at": "2022-10-15T04:37:31.030Z", "header": "Астрологи объявили неделю моды", "text": "Количество дырок в штанах увеличилось вдвое", "rating": 2}}, {"model": "news.post", "pk": 4, "fields": {"author": 1, "post_type": "AR", "created_at": "2022-10-15T04:11:35.378Z", "updated_at": "2022-10-15T04:37:31.033Z", "header": "header", "text": "text", "rating": 1}}, {"model": "news.post", "pk": 5, "fields": {"author": 1, "post_type": "AR", "created_at": "2022-10-16T06:12:53.195Z", "updated_at": "2022-10-16T06:12:53.195Z", "header": "CensorTestPost", "text": "- Кочерга, ты чего такой заебанный вусмерть? Надо тебе чаще гулять. Ну рассказывай, как там наш субботник злоебучий поживает. Все организовано?\r\n\r\n- Тимофей Ильич, произошло трагическое недоразумение…\r\n\r\nМэр отвлекся от своей любимой ящерицы.\r\n\r\n- Ебическая сила... Какое, блять, недоразумение, трагическое?! Что с парком?\r\n\r\n- Его убрали.\r\n\r\n- Куда, нахуй, убрали?! Ты что несешь, хуепутало тупое?!\r\n\r\nИспепеленный Кочерга отреагировал стремительно.\r\n\r\n- Убрали - в смысле вычистили. Вчера сотрудники Регионхимоблсервиса вышли всем коллективом и убрали парк «Березки».\r\n\r\n- Охуенная новость! Арбузова ко мне! Срочно!\r\n\r\nАрбузов явился через три минуты. Мэр продолжил:\r\n\r\n- Что скажешь, Матвей Петрович? Нездоровая какая-то пиздотень? Думаешь, это педераст Исаулов мстит?\r\n\r\n- С хуя ли? Думаю совпадение. А что вы так волнуетесь, ну уберем другой парк.\r\n\r\n- Заместители у меня - ебануться не вернуться. Арбузов, вот знаешь, за что я тебя люблю?\r\n\r\n- За что?\r\n\r\n- За то, что феерический долбоеб и мудозвон! Мы уже всех в «Березки» позвали: и этих блядей с телека, и блогеров-ебанатов. Они туда все равно припиздуют с утра.\r\n\r\n- Не подумал. Виноват. Тогда давайте срочно засрем парк обратно. Есть сутки.\r\n\r\n- Арбузов, ну ладно Кочерга, он просто распиздяй с опилками в голове, но ты где мозги проебал? Нет, ты нехуево, конечно, придумал, чистый парк засрать, только как как ты это предлагаешь сделать?! Выставку собак там ночью провести или неебический рок-концерт захуячить?! Как ты засрешь эти ебаные «Березки» за десять часов? Нет менее изъебистого варианта?\r\n\r\n- Если честно, нет.\r\n\r\n***\r\n\r\nМатерный диктант мы организовали вместе с писателем Александром Цыпкиным и лингвистом Марией Ровенской. Он стал частью нашего выпуска про русский мат. А вот и он:", "rating": 0}}, {"model": "news.post", "pk": 14, "fields": {"author": 1, "post_type": "AR", "created_at": "2022-10-24T03:46:12.832Z", "updated_at": "2022-10-24T03:46:12.832Z", "header": "default", "text": "default", "rating": 0}}, {"model": "news.post", "pk": 15, "fields": {"author": 1, "post_type": "AR", "created_at": "2022-10-24T03:55:30.377Z", "updated_at": "2022-10-24T03:55:30.377Z", "header": "default", "text": "default", "rating": 0}}, {"model": "news.post", "pk": 16, "fields": {"author": 1, "post_type": "AR", "created_at": "2022-10-24T03:57:55.405Z", "updated_at": "2022-10-24T03:57:55.405Z", "header": "default", "text": "default", "rating": 0}}, {"model": "news.post", "pk": 17, "fields": {"author": 1, "post_type": "AR", "created_at": "2022-10-24T03:59:12.766Z", "updated_at": "2022-10-24T03:59:12.766Z", "header": "default", "text": "default", "rating": 0}}, {"model": "news.post", "pk": 18, "fields": {"author": 1, "post_type": "AR", "created_at": "2022-10-24T04:02:26.580Z", "updated_at": "2022-10-24T04:02:26.580Z", "header": "default", "text": "default", "rating": 0}}, {"model": "news.post", "pk": 19, "fields": {"author": 1, "post_type": "AR", "created_at": "2022-10-24T04:06:13.790Z", "updated_at": "2022-10-24T04:06:13.791Z", "header": "default", "text": "default", "rating": 0}}, {"model": "news.post", "pk": 20, "fields": {"author": 1, "post_type": "AR", "created_at": "2022-10-24T04:07:21.613Z", "updated_at": "2022-10-24T04:07:21.613Z", "header": "default", "text": "default", "rating": 0}}, {"model": "news.post", "pk": 26, "fields": {"author": 1, "post_type": "NW", "created_at": "2022-10-24T23:00:28.090Z", "updated_at": "2022-10-24T23:00:28.090Z", "header": "default", "text": "default", "rating": 0}}, {"model": "news.post", "pk": 27, "fields": {"author": 1, "post_type": "AR", "created_at": "2022-10-24T23:06:57.840Z", "updated_at": "2022-10-24T23:06:57.840Z", "header": "default", "text": "default", "rating": 0}}, {"model": "news.post", "pk": 28, "fields": {"author": 1, "post_type": "AR", "created_at": "2022-10-30T06:19:29.282Z", "updated_at": "2022-10-30T06:19:29.282Z", "header": "default", "text": "default", "rating": 0}}, {"model": "news.post", "pk": 29, "fields": {"author": 2, "post_type": "NW", "created_at": "2022-10-30T07:57:32.806Z", "updated_at": "2022-10-30T07:57:32.806Z", "header": "default123123", "text": "default123123123", "rating": 0}}, {"model": "news.post", "pk": 30, "fields": {"author": 7, "post_type": "NW", "created_at": "2022-10-30T08:00:48.188Z", "updated_at": "2022-10-30T08:00:48.188Z", "header": "defaultad111111111", "text": "default111111111111111111", "rating": 0}}, {"model": "news.postcategory", "pk": 1, "fields": {"post": 1, "category": 1}}, {"model": "news.postcategory", "pk": 2, "fields": {"post": 1, "category": 2}}, {"model": "news.postcategory", "pk": 3, "fields": {"post": 2, "category": 4}}, {"model": "news.postcategory", "pk": 4, "fields": {"post": 2, "category": 2}}, {"model": "news.postcategory", "pk": 5, "fields": {"post": 3, "category": 4}}, {"model": "news.postcategory", "pk": 6, "fields": {"post": 3, "category": 1}}, {"model": "news.postcategory", "pk": 8, "fields": {"post": 5, "category": 6}}, {"model": "news.postcategory", "pk": 19, "fields": {"post": 15, "category": 1}}, {"model": "news.postcategory", "pk": 20, "fields": {"post": 16, "category": 1}}, {"model": "news.postcategory", "pk": 21, "fields": {"post": 17, "category": 1}}, {"model": "news.postcategory", "pk": 22, "fields": {"post": 18, "category": 1}}, {"model": "news.postcategory", "pk": 23, "fields": {"post": 19, "category": 1}}, {"model": "news.postcategory", "pk": 24, "fields": {"post": 20, "category": 1}}, {"model": "news.postcategory", "pk": 30, "fields": {"post": 26, "category": 1}}, {"model": "news.postcategory", "pk": 31, "fields": {"post": 27, "category": 1}}, {"model": "news.postcategory", "pk": 32, "fields": {"post": 28, "category": 1}}, {"model": "news.postcategory", "pk": 33, "fields": {"post": 29, "category": 1}}, {"model": "news.postcategory", "pk": 34, "fields": {"post": 30, "category": 1}}, {"model": "news.comment", "pk": 1, "fields": {"post": 1, "user": 2, "text": "Lorem ipsum dolor sit amet, consectetur adipiscing elit. Sed eu felis lacinia, finibus sapien a, consequat justo. Ut mauris mauris, auctor ac est a, imperdiet auctor erat. Aliquam eu massa tortor. Cras efficitur ante a dignissim mollis. Sed non lectus finibus, feugiat erat vitae, malesuada neque. Ut porta efficitur consectetur. Proin rutrum, dui nec faucibus suscipit, neque quam aliquam nunc, id malesuada enim metus ut nulla. Nam vel erat lectus. Cras magna nibh, fringilla sit amet volutpat pretium, placerat eu magna.", "rating": 2, "created_at": "2022-10-15T02:11:54.981Z", "updated_at": "2022-10-15T04:38:18.620Z"}}, {"model": "news.comment", "pk": 2, "fields": {"post": 2, "user": 3, "text": "Donec eget urna rhoncus, sagittis ipsum non, egestas enim. Curabitur et lobortis risus. Cras eros quam, sollicitudin vitae pretium in, pharetra ac dui. Curabitur at libero in urna imperdiet tempor. Nullam ullamcorper, eros sed pulvinar dignissim, elit nulla cursus elit, sit amet volutpat orci purus ac libero. Fusce non dictum eros. Fusce porta ante ut consequat fringilla. Donec tincidunt massa eget suscipit gravida. Quisque ac sodales massa, id posuere enim. Praesent sem arcu, molestie in fermentum ut, euismod eu mauris. Suspendisse fringilla libero sagittis, ornare velit eu, feugiat leo. Nam placerat at nisi eget laoreet. Ut rutrum dolor id auctor blandit.", "rating": 2, "created_at": "2022-10-15T02:12:13.963Z", "updated_at": "2022-10-15T04:38:18.649Z"}}, {"model": "news.comment", "pk": 3, "fields": {"post": 3, "user": 1, "text": "Nullam consectetur egestas ex ac viverra. Morbi iaculis sit amet sem vel mattis. Vestibulum semper imperdiet ligula id porta. Phasellus facilisis semper arcu, porttitor dapibus orci fringilla quis. Donec semper est vitae nisi eleifend, et pretium mauris suscipit. Phasellus placerat, nunc lacinia congue ultrices, est dui viverra ante, sed luctus felis lectus a massa. Mauris tincidunt nisi non tellus ornare accumsan. Proin eget tempor arcu.", "rating": 0, "created_at": "2022-10-15T02:12:38.598Z", "updated_at": "2022-10-15T04:38:18.653Z"}}, {"model": "news.comment", "pk": 4, "fields": {"post": 1, "user": 3, "text": "Nam et urna ut urna aliquam venenatis. Mauris vehicula magna vitae rutrum maximus. Cras scelerisque molestie nisi sed laoreet. Class aptent taciti sociosqu ad litora torquent per conubia nostra, per inceptos himenaeos. Maecenas maximus libero id urna convallis, id pharetra augue pulvinar. Nullam eros orci, feugiat id facilisis vel, volutpat in est. Etiam a finibus ligula, quis condimentum orci. Quisque lorem augue, facilisis quis lacinia non, cursus a libero. Aliquam erat volutpat. Ut sit amet placerat justo, quis venenatis turpis. Aenean et justo est.", "rating": 0, "created_at": "2022-10-15T02:12:57.268Z", "updated_at": "2022-10-15T04:38:18.656Z"}}, {"model": "news.comment", "pk": 5, "fields": {"post": 1, "user": 1, "text": "comment", "rating": 1, "created_at": "2022-10-15T04:26:07.921Z", "updated_at": "2022-10-15T04:38:18.660Z"}}, {"model": "news.comment", "pk": 6, "fields": {"post": 1, "user": 1, "text": "comment1", "rating": 1, "created_at": "2022-10-15T04:27:05.791Z", "updated_at": "2022-10-15T04:38:18.664Z"}}, {"model": "news.comment", "pk": 7, "fields": {"post": 2, "user": 2, "text": "comment2", "rating": 1, "created_at": "2022-10-15T04:27:05.796Z", "updated_at": "2022-10-15T04:38:18.669Z"}}, {"model": "news.comment", "pk": 8, "fields": {"post": 3, "user": 1, "text": "comment3", "rating": 1, "created_at": "2022-10-15T04:27:10.616Z", "updated_at": "2022-10-15T04:38:18.672Z"}}, {"model": "news.usersubscribe", "pk": 2, "fields": {"user": 1, "category": 6}}, {"model": "news.usersubscribe", "pk": 3, "fields": {"user": 1, "category": 1}}, {"model": "news.usersubscribe", "pk": 4, "fields": {"user": 14, "category": 1}}, {"model": "django_apscheduler.djangojob", "pk": "mail_distribution", "fields": {"next_run_time": "2022-10-30T19:00:00Z", "job_state": "gAWVkAQAAAAAAAB9lCiMB3ZlcnNpb26USwGMAmlklIwRbWFpbF9kaXN0cmlidXRpb26UjARmdW5jlIw4bmV3cy5tYW5hZ2VtZW50LmNvbW1hbmRzLnJ1bmFwc2NoZWR1bGVyOm1haWxfZGlzdHJpYnV0b26UjAd0cmlnZ2VylIwZYXBzY2hlZHVsZXIudHJpZ2dlcnMuY3JvbpSMC0Nyb25UcmlnZ2VylJOUKYGUfZQoaAFLAowIdGltZXpvbmWUjBtweXR6X2RlcHJlY2F0aW9uX3NoaW0uX2ltcGyUjAl3cmFwX3pvbmWUk5SMCGJ1aWx0aW5zlIwHZ2V0YXR0cpSTlIwIem9uZWluZm+UjAhab25lSW5mb5STlIwJX3VucGlja2xllIaUUpSMEkFzaWEvWWVrYXRlcmluYnVyZ5RLAYaUUpRoGYaUUpSMCnN0YXJ0X2RhdGWUTowIZW5kX2RhdGWUTowGZmllbGRzlF2UKIwgYXBzY2hlZHVsZXIudHJpZ2dlcnMuY3Jvbi5maWVsZHOUjAlCYXNlRmllbGSUk5QpgZR9lCiMBG5hbWWUjAR5ZWFylIwKaXNfZGVmYXVsdJSIjAtleHByZXNzaW9uc5RdlIwlYXBzY2hlZHVsZXIudHJpZ2dlcnMuY3Jvbi5leHByZXNzaW9uc5SMDUFsbEV4cHJlc3Npb26Uk5QpgZR9lIwEc3RlcJROc2JhdWJoIowKTW9udGhGaWVsZJSTlCmBlH2UKGgnjAVtb250aJRoKYhoKl2UaC4pgZR9lGgxTnNiYXViaCKMD0RheU9mTW9udGhGaWVsZJSTlCmBlH2UKGgnjANkYXmUaCmIaCpdlGguKYGUfZRoMU5zYmF1YmgijAlXZWVrRmllbGSUk5QpgZR9lChoJ4wEd2Vla5RoKYhoKl2UaC4pgZR9lGgxTnNiYXViaCKMDkRheU9mV2Vla0ZpZWxklJOUKYGUfZQoaCeMC2RheV9vZl93ZWVrlGgpiWgqXZRoLIwWV2Vla2RheVJhbmdlRXhwcmVzc2lvbpSTlCmBlH2UKGgxTowFZmlyc3SUSwCMBGxhc3SUSwB1YmF1YmgkKYGUfZQoaCeMBGhvdXKUaCmJaCpdlGgsjA9SYW5nZUV4cHJlc3Npb26Uk5QpgZR9lChoMU5oVEsAaFVLAHViYXViaCQpgZR9lChoJ4wGbWludXRllGgpiWgqXZRoWymBlH2UKGgxTmhUSwBoVUsAdWJhdWJoJCmBlH2UKGgnjAZzZWNvbmSUaCmIaCpdlGhbKYGUfZQoaDFOaFRLAGhVSwB1YmF1YmWMBmppdHRlcpROdWKMCGV4ZWN1dG9ylIwHZGVmYXVsdJSMBGFyZ3OUKYwGa3dhcmdzlH2UaCeMEG1haWxfZGlzdHJpYnV0b26UjBJtaXNmaXJlX2dyYWNlX3RpbWWUSwGMCGNvYWxlc2NllIiMDW1heF9pbnN0YW5jZXOUSwGMDW5leHRfcnVuX3RpbWWUjAhkYXRldGltZZSMCGRhdGV0aW1llJOUQwoH5gofAAAAAAAAlGgdhpRSlHUu"}}]